borough,code,library,year,loans,digital,members,books,music,audiobooks,movies,videogames,all.others,librarians,others,staff.total,surface,hours
Ahuntsic-Cartierville,a78,Ahuntsic,2018,448121,24449.6406,19379,122418,2035,1295,7466,605,11401,3.681318681,18.25054945,21.93186813,2033.5,53
Ahuntsic-Cartierville,a79,Cartierville,2018,123574,6867.737508,10509,61941,547,763,4161,281,5752,3,6.873626374,9.873626374,1129,53
Ahuntsic-Cartierville,a80,Salaberry,2018,80105,295.6675139,2376,28862,0,48,1342,173,1563,1,5.480769231,6.480769231,283.74,57
Ahuntsic-Cartierville,a81,Livromobile,2018,15297,,,5230,0,2,118,3,123,,,,,12
Anjou,j15,Haut-Anjou,2018,35453,2684.385986,3854,15468,0,44,754,0,798,0.4,3.228571429,3.628571429,425.32,53.5
Anjou,j14,Jean-Corbeil,2018,176847,8462.966885,13395,96738,4028,808,4322,271,9429,4,10.51428571,14.51428571,2188.42,53.5
Côte-des-Neiges–Notre-Dame-de-Grâce,c56,Benny,2018,413424,4487.270222,11576,121121,3499,2359,6201,614,12673,5.8,20.77857143,26.57857143,2336.56,53
Côte-des-Neiges–Notre-Dame-de-Grâce,c57,Côte-des-Neiges,2018,234436,6503.310107,9131,105558,11,1526,5308,326,7171,2.25,18.38571429,20.63571429,1662.23,53
Côte-des-Neiges–Notre-Dame-de-Grâce,c58,Interculturelle,2018,198601,4098.089262,11170,108375,3108,2811,6753,687,13359,4.6,7.617032967,12.21703297,2422.4,53
Côte-des-Neiges–Notre-Dame-de-Grâce,c59,Notre-Dame-de-Grâce,2018,97256,3801.04655,7480,46660,12,870,3221,18,4121,2,8.514835165,10.51483516,707.25,53
L’Île-Bizard–Sainte-Geneviève,i90,L'Île-Bizard,2018,93294,4616.538809,4035,54704,4930,396,3706,0,9032,1,5.021978022,6.021978022,646.81,60
Lachine,b69,Saint-Pierre,2018,21500,1252.80514,2796,19615,656,43,1397,187,2283,0,0,0,546.1,53
Lachine,b68,Saul-Bellow,2018,224409,9184.945698,12113,89792,3793,1164,4438,406,9801,4,5.310164835,9.310164835,1791.9,65
LaSalle,l71,L'Octogone,2018,402343,12261.26304,29113,183252,4706,1856,12586,608,19756,7,24.53901099,31.53901099,2467,65
Mercier–Hochelaga-Maisonneuve,h26,Hochelaga,2018,58095,49.5071186,727,26354,326,77,1027,0,1430,1.118681319,0.771428571,1.89010989,371.8,46
Mercier–Hochelaga-Maisonneuve,h27,Langelier,2018,231013,12218.63191,9327,52358,2168,824,6146,715,9853,3.221428571,11.92285714,15.14428571,814.55,53
Mercier–Hochelaga-Maisonneuve,h29,Maisonneuve,2018,190994,9623.633777,8401,53227,4009,293,7992,0,12294,1.514285714,3,4.514285714,1182.2,53
Mercier–Hochelaga-Maisonneuve,h28,Mercier,2018,187422,15538.35925,10109,68066,2798,475,4738,533,8544,2.946703297,10.22912088,13.17582418,1465.5,53
Montréal-Nord,m18,Belleville,2018,47706,3548.010166,5063,36853,1133,133,2358,0,3624,0,4.195054945,4.195054945,281.4,57
Montréal-Nord,m17,Henri-Bourassa,2018,148488,3052.93898,6294,70660,2712,667,4437,300,8116,4,21.66373626,25.66373626,1317.5,65
Montréal-Nord,m20,Maison culturelle et communautaire,2018,114692,2875.538472,6660,52274,1325,428,3385,661,5799,2.998351648,11.1456044,14.14395604,701.3,69
Montréal-Nord,m19,Yves-Ryan,2018,62388,2302.081015,3952,42008,1482,320,2551,264,4617,0,7.267032967,7.267032967,585.4,57
Outremont,o45,Robert-Bourassa,2018,155566,8564.731518,7557,70956,2888,866,2330,172,6256,2.79793956,10.01510989,12.81304945,1492.2,54
Plateau-Mont-Royal,y47,Mordecai-Richler,2018,148004,3487.501466,5196,70159,2332,822,4506,428,8088,2,11.41620879,13.41620879,1348.7,54
Plateau-Mont-Royal,y48,Plateau Mont-Royal,2018,205575,13412.30355,14238,58750,1,690,3993,384,5068,2,10.97225275,12.97225275,790,52
Pierrefonds-Roxboro,p87,Pierrefonds,2018,63478,5070.354063,6690,89673,936,1861,3193,320,6310,4.473461538,19.09304396,23.56650549,1501.46,51
Pierrefonds-Roxboro,p88,Roxboro,2018,98040,2926.420788,4679,43270,903,637,3118,255,4913,1.341868132,4.258527473,5.600395604,526.01,66
Pierrefonds-Roxboro,p88,Centre communautaire de L'Est,2018,23039,,,23317,618,301,1758,77,2754,,,,,36
Rosemont–La Petite-Patrie,r39,La Petite Patrie,2018,170181,7783.619202,7146,69339,3379,946,4653,304,9282,2.771428571,7.584384615,10.35581319,1245.1,53
Rosemont–La Petite-Patrie,r41,Marc-Favreau,2018,412537,6822.355983,8905,126625,4357,1589,6644,836,13426,5.271428571,19.28406593,24.55549451,2659.64,53
Rosemont–La Petite-Patrie,r40,Rosemont,2018,292067,28230.05918,18501,80485,4718,921,6596,478,12713,2.727653846,8.944873626,11.67252747,863.05,53
Rivière-des-Prairies–Pointe-aux-Trembles,t10,Pointe-aux-Trembles,2018,170975,16730.65569,9353,66951,3,576,2069,367,3015,4,9.568175824,13.56817582,1501.2,53
Rivière-des-Prairies–Pointe-aux-Trembles,t11,Rivière-des-Prairies,2018,140859,8174.17536,9816,89094,8,660,2641,427,3736,4,10.95714286,14.95714286,2286.5,53
Saint-Laurent,s85,Du Boisé,2018,419133,7002.506886,22261,142328,3296,1899,9659,1178,16032,5.8,31.9,37.7,2817.1,62
Saint-Laurent,s84,Vieux-Saint-Laurent,2018,230721,5267.00734,17044,91185,6221,1587,10777,991,19576,6.514285714,19.55714286,26.07142857,1995.6,60
Saint-Laurent,s86,Chameran,2018,6231,,,2556,0,23,162,0,185,,,,,7
Saint-Léonard,n22,Saint-Léonard,2018,271491,5573.676436,18267,142804,4401,820,5018,771,11010,6,16.65103846,22.65103846,4491.94,57
Sud-Ouest,g63,Georges-Vanier,2018,89395,2267.701071,3226,38409,1489,169,3848,128,5634,1.47839011,6.985164835,8.463554945,738.66,53
Sud-Ouest,g64,Marie-Uguay,2018,128799,5979.359769,6803,55653,3472,628,4828,348,9276,2.004532967,8.166164835,10.1706978,873.34,53
Sud-Ouest,g66,Saint-Charles,2018,100180,2388.718472,3183,41717,2198,146,4005,98,6447,2.011813187,7.118153846,9.129967033,558.4,53
Sud-Ouest,g65,Saint-Henri,2018,71951,1658.488473,2963,40257,1235,195,3217,213,4860,1.487774725,5.761302198,7.249076923,1141.3,53
Verdun,v76,Île des Sœurs,2018,120168,7138.651463,6874,44838,1348,449,3557,379,5733,2.364285714,5.891758242,8.256043956,507.14,53
Verdun,v75,Jacqueline-De Repentigny,2018,178922,9384.34937,12328,120114,5314,1027,4886,460,11687,2.666483516,13.32197802,15.98846154,1848.7,53
Ville-Marie,f53,Frontenac,2018,145616,2286.95384,3854,67449,1681,577,3374,578,6210,3.2,8.357142857,11.55714286,1430.8,54
Ville-Marie,f52,Père-Ambroise,2018,111682,2839.783331,4562,59369,1921,555,4097,559,7132,2.8,8.756043956,11.55604396,1114.88,53
Villeray–Saint-Michel–Parc-Extension,x33,Le Prévost,2018,278062,10513.38671,9443,83779,624,833,3435,280,5172,2.907142857,13.32142857,16.22857143,1031.37,53
Villeray–Saint-Michel–Parc-Extension,x34,Parc-Extension,2018,207265,5636.935532,9795,92482,2299,1476,3723,399,7897,4.607142857,12.45714286,17.06428571,1882.6,53
Villeray–Saint-Michel–Parc-Extension,x35,Saint-Michel,2018,164510,6512.936491,10610,84886,2212,644,2711,245,5812,4.077472527,10.42307692,14.50054945,1394.3,53
Villeray–Saint-Michel–Parc-Extension,x32,Roulivre,2018,13012,,,6085,10,16,295,0,321,,,,,10
Ahuntsic-Cartierville,a78,Ahuntsic,2017,464164,18629,19599,121637,2189,1313,7377,624,11503,3.737912088,18.98626374,22.72417582,2033.5,53
Ahuntsic-Cartierville,a79,Cartierville,2017,133581,5232,10359,59545,640,818,3753,292,5503,3.016483516,6.71978022,9.736263736,1129,53
Ahuntsic-Cartierville,a80,Salaberry,2017,80577,404,2317,28695,0,45,1291,168,1504,1,4.895604396,5.895604396,283.74,57
Ahuntsic-Cartierville,a81,Livromobile,2017,14078,,,4517,0,2,0,3,5,,,,,12
Anjou,j15,Haut-Anjou,2017,38919,2501,3878,16213,0,48,657,0,705,0.4,3.142857143,3.542857143,425.32,53.5
Anjou,j14,Jean-Corbeil,2017,165497,6354,13013,101300,3936,734,4078,311,9059,4,11.62857143,15.62857143,2188.42,53.5
Côte-des-Neiges–Notre-Dame-de-Grâce,c56,Benny,2017,402555,3189,12394,116764,3415,2330,5868,592,12205,6.737362637,15.17087912,21.90824176,2336.56,53
Côte-des-Neiges–Notre-Dame-de-Grâce,c57,Côte-des-Neiges,2017,241308,4778,9047,107467,9,1496,5708,341,7554,1.967032967,18.47142857,20.43846154,1662.23,53
Côte-des-Neiges–Notre-Dame-de-Grâce,c58,Interculturelle,2017,199502,2903,10833,106824,2954,2884,6237,622,12697,4.6,12.62857143,17.22857143,2422.4,53
Côte-des-Neiges–Notre-Dame-de-Grâce,c59,Notre-Dame-de-Grâce,2017,104658,2480,7803,47644,16,908,3271,15,4210,1.8,9.042857143,10.84285714,707.25,53
L’Île-Bizard–Sainte-Geneviève,i90,L'Île-Bizard,2017,93800,3682,4254,53651,4757,342,3545,0,8644,1,4.97293956,5.97293956,646.81,60
Lachine,b69,Saint-Pierre,2017,24610,1274,2654,19522,833,46,1467,228,2574,0,2.86043956,2.86043956,546.1,53
Lachine,b68,Saul-Bellow,2017,232779,7279,11499,84407,3677,1107,4403,361,9548,4,13.17802198,17.17802198,1791.9,65
LaSalle,l71,L'Octogone,2017,450941,9702,28382,192552,4969,1853,12444,616,19882,6,25.48791209,31.48791209,2467,65
Mercier–Hochelaga-Maisonneuve,h26,Hochelaga,2017,57000,28,768,26136,435,63,1249,0,1747,0.918681319,3.482967033,4.401648352,371.8,35
Mercier–Hochelaga-Maisonneuve,h27,Langelier,2017,243542,10039,9211,58237,2383,834,6476,855,10548,2.023763736,9.056318681,11.08008242,814.55,53
Mercier–Hochelaga-Maisonneuve,h29,Maisonneuve,2017,209686,7544,8353,56271,4526,355,9285,0,14166,2.942857143,8.485714286,11.42857143,1182.2,53
Mercier–Hochelaga-Maisonneuve,h28,Mercier,2017,202773,13007,10149,71625,3004,441,5407,528,9380,1.018406593,8.039972527,9.058379121,1465.5,53
Montréal-Nord,m18,Belleville,2017,49196,2601,4953,35666,1148,133,2279,0,3560,0,3.774175824,3.774175824,281.4,57
Montréal-Nord,m17,Henri-Bourassa,2017,157643,2457,4064,75252,2999,695,4768,313,8775,3,20.61813187,23.61813187,1317.5,65
Montréal-Nord,m20,Maison culturelle et communautaire,2017,115330,2389,6079,51637,1349,457,4007,858,6671,1,10.57197802,11.57197802,701.3,69
Montréal-Nord,m19,Yves-Ryan,2017,64817,1609,6464,41715,1532,305,2788,255,4880,1,6.425274725,7.425274725,585.4,57
Outremont,o45,Robert-Bourassa,2017,154291,6368,7347,72202,2972,849,2203,143,6167,2.718131868,8.495054945,11.21318681,1492.2,54
Plateau-Mont-Royal,y47,Mordecai-Richler,2017,161689,2375,5241,70148,2375,957,5098,420,8850,3,9.278571429,12.27857143,1348.7,54
Plateau-Mont-Royal,y48,Plateau Mont-Royal,2017,212746,11000,13839,61873,0,768,4169,401,5338,3,9.642857143,12.64285714,790,52
Pierrefonds-Roxboro,p87,Pierrefonds,2017,60300,5047,7565,106458,1218,2356,2807,299,6680,4.618978022,18.4456044,23.06458242,1501.46,51
Pierrefonds-Roxboro,p88,Roxboro,2017,102892,3249,4884,45996,974,598,2940,226,4738,1.379203297,5.47882967,6.858032967,526.01,66
Pierrefonds-Roxboro,p88,Centre communautaire de L'Est,2017,26599,,,27418,1482,305,2047,46,3880,,,,,36
Rosemont–La Petite-Patrie,r39,La Petite Patrie,2017,175341,5474,7078,72227,3393,927,4559,336,9215,2.714285714,8.157142857,10.87142857,1245.1,53
Rosemont–La Petite-Patrie,r41,Marc-Favreau,2017,445119,5476,9137,129416,4394,1558,6895,903,13750,6.057142857,19.14120879,25.19835165,2659.64,53
Rosemont–La Petite-Patrie,r40,Rosemont,2017,300132,20461,18368,81012,4609,815,6475,548,12447,2.742857143,11.67142857,14.41428571,863.05,53
Rivière-des-Prairies–Pointe-aux-Trembles,t10,Pointe-aux-Trembles,2017,179980,13754,9220,72145,2,571,1855,425,2853,4,8.568131868,12.56813187,1501.2,53
Rivière-des-Prairies–Pointe-aux-Trembles,t11,Rivière-des-Prairies,2017,148765,6447,9580,86842,8,629,2310,443,3390,4,10.95714286,14.95714286,2286.5,53
Saint-Laurent,s85,Du Boisé,2017,445227,4653,20374,140575,3550,1916,9547,1170,16183,6.5,32.21428571,38.71428571,2817.1,62
Saint-Laurent,s84,Vieux-Saint-Laurent,2017,237759,4232,16081,93992,6103,1557,10620,888,19168,6.4,20.8,27.2,1995.6,60
Saint-Laurent,s86,Chameran,2017,1722,,,1604,1,13,98,0,112,,,,,7
Saint-Léonard,n22,Saint-Léonard,2017,299353,4561,18428,155368,4567,724,5168,817,11276,6,16.25082418,22.25082418,4491.94,57
Sud-Ouest,g63,Georges-Vanier,2017,80931,1807,3178,40009,1429,165,4107,136,5837,2.006043956,7.225274725,9.231318681,738.66,53
Sud-Ouest,g64,Marie-Uguay,2017,144949,5131,6864,57027,3431,623,5445,429,9928,2.006730769,8.440934066,10.44766484,873.34,53
Sud-Ouest,g66,Saint-Charles,2017,98046,1879,3275,41874,2295,147,4215,124,6781,2.068131868,8.964835165,11.03296703,558.4,53
Sud-Ouest,g65,Saint-Henri,2017,78818,1513,2957,42025,1176,218,3933,251,5578,2.252197802,5.621428571,7.873626374,1141.3,53
Verdun,v76,Île des Sœurs,2017,120902,4500,7242,47665,1373,419,3248,368,5408,2,6.1,8.1,507.14,53
Verdun,v75,Verdun,2017,173804,8252,12644,121081,5571,1007,5693,493,12764,2,10.6,12.6,1848.7,53
Ville-Marie,f53,Frontenac,2017,145576,1533,3912,71887,1574,588,3841,621,6624,3,9.1,12.1,1430.8,54
Ville-Marie,f52,Père-Ambroise,2017,112066,2156,4455,59827,2601,529,4009,589,7728,2.8,8.756043956,11.55604396,1114.88,53
Villeray–Saint-Michel–Parc-Extension,x33,Le Prévost,2017,292072,7008,9467,85286,1391,855,4074,322,6642,4.2,13.5,17.7,1031.37,53
Villeray–Saint-Michel–Parc-Extension,x34,Parc-Extension,2017,211027,3925,9614,94008,2315,1541,4223,421,8500,3,12.18681319,15.18681319,1882.6,53
Villeray–Saint-Michel–Parc-Extension,x35,Saint-Michel,2017,169558,4660,10738,87682,2088,659,3035,253,6035,3.335714286,10.22142857,13.55714286,1394.3,53
Villeray–Saint-Michel–Parc-Extension,x32,Roulivre,2017,8833,,,5654,11,16,329,1,357,,,,,10
Ahuntsic-Cartierville,a78,Ahuntsic,2016,469190,14095.93163,19766,125783,2230,949,6874,508,10561,3.424725275,18.8010989,22.22582418,2033.5,53
Ahuntsic-Cartierville,a79,Cartierville,2016,132996,3883.950314,10262,66575,1095,690,3584,261,5630,3.016483516,6.60989011,9.626373626,1129,53
Ahuntsic-Cartierville,a80,Salaberry,2016,76645,188.8734845,2234,29142,0,24,1347,162,1533,1,5.113736264,6.113736264,283.74,57
Ahuntsic-Cartierville,a81,Livromobile,2016,9946,,,4094,0,3,0,0,3,,,,,
Anjou,j15,Haut-Anjou,2016,38132,2101.770818,3817,17094,0,8,580,0,588,0.4,3.142857143,3.542857143,425.32,53.5
Anjou,j14,Jean-Corbeil,2016,191304,5130.228002,13079,103288,4672,501,3780,206,9159,4,11.62857143,15.62857143,2188.42,53.5
Côte-des-Neiges–Notre-Dame-de-Grâce,c56,Benny,2016,366190,2013.901267,10573,112498,3546,1917,5291,448,11202,4.39793956,15.80425824,20.2021978,2336.56,53
Côte-des-Neiges–Notre-Dame-de-Grâce,c57,Côte-des-Neiges,2016,243182,2693.538135,8762,118192,0,923,5141,331,6395,3,18.47142857,21.47142857,1662.23,53.5
Côte-des-Neiges–Notre-Dame-de-Grâce,c58,Interculturelle,2016,191727,1782.191847,10216,116290,3713,1727,6062,447,11949,1.39793956,15.80425824,17.2021978,2422.4,53
Côte-des-Neiges–Notre-Dame-de-Grâce,c59,Notre-Dame-de-Grâce,2016,125877,1472.857419,6863,53142,1,769,3412,0,4182,1.685714286,8.9,10.58571429,707.25,53
L’Île-Bizard–Sainte-Geneviève,i90,L'Île-Bizard,2016,83693,2378.662515,4284,53180,4630,225,3291,0,8146,1,5.443076923,6.443076923,646.81,60
Lachine,b69,Saint-Pierre,2016,23054,587.9435001,2773,18691,745,48,1422,201,2416,0,2.354395604,2.354395604,546.1,53
Lachine,b68,Saul-Bellow,2016,231459,5575.124688,12787,83161,3334,954,3873,312,8473,4,12.36813187,16.36813187,1941,65
LaSalle,l71,L'Octogone,2016,478137,6444.00556,28981,195918,5381,1288,11781,570,19020,7,25.91593407,32.91593407,2663,65
Mercier–Hochelaga-Maisonneuve,h26,Hochelaga,2016,61152,131.0197053,785,26434,502,33,1458,0,1993,1.260989011,3.032417582,4.293406593,371.8,35
Mercier–Hochelaga-Maisonneuve,h27,Langelier,2016,243739,7346.035171,9055,60765,2585,611,6347,776,10319,4.321428571,11.92857143,16.25,1182.2,53
Mercier–Hochelaga-Maisonneuve,h29,Maisonneuve,2016,223466,4994.002435,8330,57293,4847,303,9450,0,14600,3.263736264,9.39010989,12.65384615,814.55,53
Mercier–Hochelaga-Maisonneuve,h28,Mercier,2016,209280,8420.253628,10092,70030,3082,271,5113,409,8875,2,11.32692308,13.32692308,1465.5,53
Montréal-Nord,m18,Belleville,2016,56170,1980.463472,5189,35152,1503,81,2349,0,3933,0,3.952747253,3.952747253,281.4,58
Montréal-Nord,m17,Henri-Bourassa,2016,164542,1478.896678,6241,81375,3729,510,5061,257,9557,3,21.73791209,24.73791209,1317.5,66
Montréal-Nord,m20,Maison culturelle et communautaire,2016,116949,1546.764851,6306,52613,1325,273,3659,796,6053,2,10.57857143,12.57857143,701.3,66
Montréal-Nord,m19,Yves-Ryan,2016,74872,1171.674395,4129,43259,1677,228,2673,192,4770,1,7.548901099,8.548901099,585.4,58
Outremont,o45,Robert-Bourassa,2016,157661,4271.546221,7087,73036,3508,713,2365,141,6727,3.88956044,11.03131868,14.92087912,1492.2,53
Plateau-Mont-Royal,y47,Mordecai-Richler,2016,169686,1610.628266,5060,71247,2288,695,4758,294,8035,3,9.307142857,12.30714286,1348.7,54
Plateau-Mont-Royal,y48,Plateau Mont-Royal,2016,211165,6668.984615,12829,63530,0,504,4094,296,4894,3,9.821428571,12.82142857,790,52
Pierrefonds-Roxboro,p87,Pierrefonds,2016,176655,2951.191187,9189,128460,1616,2081,2714,317,6728,4.678708791,19.0278956,23.7066044,1501.46,66
Pierrefonds-Roxboro,p88,Roxboro,2016,84327,1367.82493,5095,50030,927,477,2804,226,4434,1.300082418,5.358027473,6.65810989,526.01,66
Pierrefonds-Roxboro,p88,Centre communautaire de L'Est,2016,6166,,,26755,1431,47,1820,29,3327,,,,,
Rosemont–La Petite-Patrie,r39,La Petite Patrie,2016,172583,3849.629219,6894,73893,3202,670,4329,272,8473,2.068681319,7.813186813,9.881868132,1245.1,53
Rosemont–La Petite-Patrie,r41,Marc-Favreau,2016,451646,4024.262666,8735,128921,3961,1270,6348,836,12415,6.057142857,19.9,25.95714286,2659.64,53
Rosemont–La Petite-Patrie,r40,Rosemont,2016,325594,14000.60052,17856,84596,3958,620,5866,449,10893,2.455494505,10.9467033,13.4021978,863.05,53
Rivière-des-Prairies–Pointe-aux-Trembles,t10,Pointe-aux-Trembles,2016,180911,11790.84473,9382,73477,2,585,1479,401,2467,2,8.985714286,10.98571429,1501.2,53
Rivière-des-Prairies–Pointe-aux-Trembles,t11,Rivière-des-Prairies,2016,143941,4541.475619,9616,109792,3,357,1875,396,2631,3,10.96428571,13.96428571,2286.5,53
Saint-Laurent,s85,Du Boisé,2016,451424,2836.275996,17920,147845,4091,1011,10766,1134,17002,6.514285714,33.45054945,39.96483516,3575.6,62
Saint-Laurent,s84,Vieux-Saint-Laurent,2016,238482,3442.816386,14861,104051,6204,1143,10671,770,18788,7.057142857,20.79120879,27.84835165,1995.6,60
Saint-Léonard,n22,Saint-Léonard,2016,330018,3394.85803,18164,164115,4133,520,5216,930,10799,6,16.08914835,22.08914835,4491.94,57
Sud-Ouest,g63,Georges-Vanier,2016,83564,1143.506817,3223,40022,1322,47,3694,123,5186,2,6.978571429,8.978571429,738.61,53
Sud-Ouest,g64,Marie-Uguay,2016,99505,2884.89801,6586,55744,3504,427,5250,398,9579,2.175824176,7.642857143,9.818681319,873.34,53
Sud-Ouest,g66,Saint-Charles,2016,102672,1443.443,3259,43611,2347,41,4269,115,6772,2,7,9,558.4,53
Sud-Ouest,g65,Saint-Henri,2016,87543,1114.207429,2932,41457,1235,115,3611,224,5185,2,5.455494505,7.455494505,1141.3,53
Verdun,v76,Île des Sœurs,2016,108752,3421.164617,7372,52744,1797,269,2905,292,5263,2,5.408928571,7.408928571,507.14,53
Verdun,v75,Verdun,2016,170125,5552.439152,12566,128017,6870,646,5978,423,13917,2,12.01442308,14.01442308,1848.7,53
Ville-Marie,f53,Frontenac,2016,154542,1130.563466,3846,75265,1726,446,3781,563,6516,3.030769231,10.30054945,13.33131868,1430.8,56
Ville-Marie,f52,Père-Ambroise,2016,113211,1889.885463,4189,58859,2474,398,4280,548,7700,3.070879121,8.801373626,11.87225275,1114.88,53
Villeray–Saint-Michel–Parc-Extension,x33,Le Prévost,2016,287963,3977.256993,9322,85794,1418,559,4087,266,6330,4.164972527,12.81167582,16.97664835,1031.37,53
Villeray–Saint-Michel–Parc-Extension,x34,Parc-Extension,2016,211169,2436.762387,9385,99558,2157,1024,4053,331,7565,3,12.18681319,15.18681319,1882.6,53
Villeray–Saint-Michel–Parc-Extension,x35,Saint-Michel,2016,173988,3735.844775,10753,90928,1976,419,2751,203,5349,2.714285714,12.57967033,15.29395604,1394.3,53
Villeray–Saint-Michel–Parc-Extension,x32,Roulivre,2016,6998,,,5466,10,17,251,0,278,,,,,
Ahuntsic-Cartierville,a78,Ahuntsic,2015,469264,7411,19501,128901,2266,919,6753,444,10382,4.4,18.21593407,22.61593407,2033.5,53
Ahuntsic-Cartierville,a79,Cartierville,2015,133778,2281,9861,77665,1175,671,3340,250,5436,4.373626374,6.868131868,11.24175824,1129,53
Ahuntsic-Cartierville,a80,Salaberry,2015,75817,70,2076,28606,0,28,1247,151,1426,1.038461538,4.760989011,5.799450549,283.74,57
Anjou,j15,Haut-Anjou,2015,36954,1280,3854,16897,0,7,488,0,495,0.588461538,3.896703297,4.485164835,425.32,53.5
Anjou,j14,Jean-Corbeil,2015,187227,3187,13034,103822,4574,490,3423,214,8701,5,8.903846154,13.90384615,2188.42,53.5
Côte-des-Neiges–Notre-Dame-de-Grâce,c56,Benny,2015,139024,934,6603,41146,0,648,1581,2,2231,2.5,7.751098901,10.2510989,373.82,46
Côte-des-Neiges–Notre-Dame-de-Grâce,q56,Benny Farm,2015,,,,65422,3466,1229,3263,385,8343,,,,,
Côte-des-Neiges–Notre-Dame-de-Grâce,c57,Côte-des-Neiges,2015,256581,1275,8520,116976,0,867,5071,328,6266,2.6,18.75714286,21.35714286,1662.23,46
Côte-des-Neiges–Notre-Dame-de-Grâce,c58,Interculturelle,2015,191248,1202,10154,113374,3563,2066,5920,333,11882,4.571428571,17.22857143,21.8,2450.63,46
Côte-des-Neiges–Notre-Dame-de-Grâce,c59,Notre-Dame-de-Grâce,2015,158147,585,5603,55055,1,762,3782,0,4545,1.657142857,7.721428571,9.378571429,707.25,46
L’Île-Bizard–Sainte-Geneviève,i90,L'Île-Bizard,2015,66399,1372,4511,52226,4449,210,2955,0,7614,1,5.47967033,6.47967033,646.81,60
Lachine,b69,Saint-Pierre,2015,27724,228,2681,20982,797,66,1277,215,2355,0,2.354395604,2.354395604,546.1,53
Lachine,b68,Saul-Bellow,2015,190121,2888,10849,80446,2858,847,2885,207,6797,4,7.895604396,11.8956044,1295,71
LaSalle,l71,L'Octogone,2015,506829,3988,28576,207056,5428,1184,10385,536,17533,7,26.73076923,33.73076923,2663,65
Mercier–Hochelaga-Maisonneuve,h26,Hochelaga,2015,57906,54,752,27476,499,24,1404,0,1927,2.285714286,2.978571429,5.264285714,371.8,35
Mercier–Hochelaga-Maisonneuve,h27,Langelier,2015,271348,4002,9095,60693,2688,614,6229,690,10221,3.342857143,11.92857143,15.27142857,1182.2,53
Mercier–Hochelaga-Maisonneuve,h29,Maisonneuve,2015,235491,2726,8346,55518,4899,310,9450,0,14659,3.263736264,9.39010989,12.65384615,814.55,53
Mercier–Hochelaga-Maisonneuve,h28,Mercier,2015,186794,4926,9640,69877,3485,285,4952,322,9044,2,11.32692308,13.32692308,1465.5,53
Montréal-Nord,m18,Belleville,2015,64119,1083,4847,33683,1589,81,2243,0,3913,0,3.735714286,3.735714286,281.4,58
Montréal-Nord,m19,Charleroi,2015,79045,991,3875,86199,4007,511,4889,248,9655,0,7.571428571,7.571428571,585.4,58
Montréal-Nord,m17,Henri-Bourassa,2015,184349,987,6048,50197,1515,272,3587,843,6217,2,26.84175824,28.84175824,1317.5,66
Montréal-Nord,m20,Maison culturelle et communautaire,2015,122355,929,6089,42220,1623,231,2494,185,4533,1,10.53571429,11.53571429,701.3,66
Outremont,o45,Robert-Bourassa,2015,148972,2252,6900,74574,3389,669,2311,128,6497,3,9.586813187,12.58681319,1492.2,56
Plateau-Mont-Royal,y47,Mordecai-Richler,2015,179692,1026,5004,75998,2595,731,4871,231,8428,2,10.30714286,12.30714286,1348.7,54
Plateau-Mont-Royal,y48,Plateau Mont-Royal,2015,218839,3162,12114,71516,0,533,4742,224,5499,2,14.17142857,16.17142857,790,52
Pierrefonds-Roxboro,p87,Pierrefonds,2015,300746,2504,10425,170977,3001,2048,4066,300,9415,4.612527473,22.54288462,27.15541209,1501.46,66
Pierrefonds-Roxboro,p88,Roxboro,2015,54943,874,5425,53212,892,467,2421,215,3995,1.224862637,2.847472527,4.072335165,526.01,54
Rosemont–La Petite-Patrie,r39,La Petite Patrie,2015,177064,2293,6941,73813,3009,601,4068,254,7932,2.314285714,8.228571429,10.54285714,1214.44,53
Rosemont–La Petite-Patrie,r41,Marc-Favreau,2015,447443,2106,9127,122750,3720,1218,5982,795,11715,5.885714286,20.13571429,26.02142857,2659.64,53
Rosemont–La Petite-Patrie,r40,Rosemont,2015,298844,8091,17628,84954,3884,630,5558,437,10509,2.741758242,11.58516484,14.32692308,863.05,53
Rivière-des-Prairies–Pointe-aux-Trembles,t10,Pointe-aux-Trembles,2015,180999,6247,9671,74875,2,563,1113,354,2032,3,13.90384615,16.90384615,1501.2,53
Rivière-des-Prairies–Pointe-aux-Trembles,t11,Rivière-des-Prairies,2015,145150,2753,9942,117865,2,486,1803,367,2658,2,12.9543956,14.9543956,2286.5,53
Saint-Laurent,s85,Du Boisé,2015,462487,1492,16869,144762,4014,953,10303,1063,16333,9.307692308,32.02197802,41.32967033,3575.6,65
Saint-Laurent,s84,Vieux-Saint-Laurent,2015,233516,1794,14083,121831,8376,1591,11075,703,21745,7.08021978,20.79120879,27.87142857,1995.6,65
Saint-Léonard,n22,Saint-Léonard,2015,340912,1900,17868,178118,4041,440,4740,992,10213,6,16.47975824,22.47975824,4479.87,57
Sud-Ouest,g63,Georges-Vanier,2015,85982,594,3087,39571,1255,83,3437,105,4880,2,7.460989011,9.460989011,735.71,53
Sud-Ouest,g64,Marie-Uguay,2015,136619,1545,6559,56039,3456,395,4916,352,9119,2.175824176,7.642857143,9.818681319,873.34,53
Sud-Ouest,g66,Saint-Charles,2015,97765,573,3037,43077,2328,44,4102,104,6578,2,7.500549451,9.500549451,558.42,53
Sud-Ouest,g65,Saint-Henri,2015,91691,623,2946,41225,1214,126,3516,203,5059,2,5.455494505,7.455494505,1141.3,53
Verdun,v76,Île des Sœurs,2015,110575,1933,7189,55432,3258,266,2865,202,6591,1,4.557142857,5.557142857,507.14,53
Verdun,v75,Verdun,2015,184082,2438,12865,131999,6972,713,5962,300,13947,2.857692308,8.8,11.65769231,1848.7,53
Ville-Marie,f53,Frontenac,2015,166728,621,3657,87587,1747,443,3862,480,6532,3.086263736,9.980769231,13.06703297,1430.8,54
Ville-Marie,f52,Père-Ambroise,2015,112294,845,3851,59530,2438,400,4240,526,7604,1.8,12.19134615,13.99134615,1114.88,53
Villeray–Saint-Michel–Parc-Extension,x33,Le Prévost,2015,278505,2562,9309,85223,1345,528,4083,269,6225,3.078571429,12.60082418,15.6793956,1031.39,53
Villeray–Saint-Michel–Parc-Extension,x34,Parc-Extension,2015,217087,1094,9199,96758,1984,1016,3873,334,7207,3.549450549,11.38076923,14.93021978,1882.6,53
Villeray–Saint-Michel–Parc-Extension,x35,Saint-Michel,2015,176879,2548,10711,90419,1811,382,2686,186,5065,3.257142857,9.62967033,12.88681319,1394.3,53
